,RECIPE,RECIPE_LINK
0,MILLET KHEER,https://food.ndtv.com/recipe-millet-kheer-958604
1,KHAMAN DHOKLA,https://food.ndtv.com/recipe-khaman-dhokla-958603
2,ENNAI KATHRIKAI KULAMBU,https://food.ndtv.com/recipe-ennai-kathrikai-kulambu-958601
3,BEETROOT KOFTA CURRY,https://food.ndtv.com/recipe-beetroot-kofta-curry-958599
4,KONKANI FRIED CHICKEN,https://food.ndtv.com/recipe-konkani-fried-chicken-958592
5,MANGO KIWI CHUTNEY,https://food.ndtv.com/recipe-mango-kiwi-chutney-958590
6,NALLI GOSHT BIRYANI,https://food.ndtv.com/recipe-nalli-gosht-biryani-958575
7,HYDERABADI PASINDAY,https://food.ndtv.com/recipe-hyderabadi-pasinday-958510
8,RAJGIRA CHIKKI,https://food.ndtv.com/recipe-rajgira-chikki-958478
9,LASOONI DAHI TADKA,https://food.ndtv.com/recipe-lasooni-dahi-tadka-958474
10,BEETROOT IDLI FRY,https://food.ndtv.com/recipe-beetroot-idli-fry-958470
11,HIMACHALI CHICKEN CURRY,https://food.ndtv.com/recipe-himachali-chicken-curry-958469
12,COCONUT RABRI,https://food.ndtv.com/recipe-coconut-rabri-958465
13,GONGURA CHICKEN CURRY,https://food.ndtv.com/recipe-gongura-chicken-curry-958462
14,SHALJAM GOSHT,https://food.ndtv.com/recipe-shaljam-gosht-958461
15,TOMATO PACHADI,https://food.ndtv.com/recipe-tomato-pachadi-958459
16,VENDAKKAI THENGA CURRY,https://food.ndtv.com/recipe-vendakkai-thenga-curry-958454
17,CHICKPEAS TIKKA MASALA,https://food.ndtv.com/recipe-chickpeas-tikka-masala-958453
18,STUFFED PALAK IDLI,https://food.ndtv.com/recipe-stuffed-palak-idli-958440
19,HARYANVI KADHI,https://food.ndtv.com/recipe-haryanvi-kadhi-958438
20,AMRITSARI SOOKHI DAL,https://food.ndtv.com/recipe-amritsari-sookhi-dal-958430
21,LOW CALORIE TEEN RATNA DAL,https://food.ndtv.com/recipe-low-calorie-teen-ratna-dal-958420
22,BEETROOT HALWA,https://food.ndtv.com/recipe-beetroot-halwa-958414
23,MULTIGRAIN LADDU,https://food.ndtv.com/recipe-multigrain-laddu-958412
24,KALAKAND,https://food.ndtv.com/recipe-kalakand-958410
25,KERALA-STYLE MUTTON CURRY,https://food.ndtv.com/recipe-kerala-style-mutton-curry-958405
26,BHAPA DOI ,https://food.ndtv.com/recipe-bhapa-doi-958400
27,ACHAARI LACHHA PARATHA,https://food.ndtv.com/recipe-achaari-lachha-paratha-958386
28,RAGI PARATHA,https://food.ndtv.com/recipe-ragi-paratha-958381
29,PUNJABI BAIGAN BHARTA,https://food.ndtv.com/recipe-punjabi-baigan-bharta-958371
30,BAINGAN SAMBHAR,https://food.ndtv.com/recipe-baingan-sambhar-958369
31,JAGGERY MALPUA,https://food.ndtv.com/recipe-jaggery-malpua-958362
32,SATTU KACHORI,https://food.ndtv.com/recipe-sattu-kachori-958361
33,KEERAI VADAI (SPINACH VADA),https://food.ndtv.com/recipe-keerai-vadai-spinach-vada-958353
34,KUMAONI JHOLI,https://food.ndtv.com/recipe-kumaoni-jholi-958347
35,CHILLI CHEESE GARLIC PARATHA,https://food.ndtv.com/recipe-chilli-cheese-garlic-paratha-958345
36,CHILKA ROTI,https://food.ndtv.com/recipe-chilka-roti-958339
37,GIRMIT,https://food.ndtv.com/recipe-girmit-958338
38,GUR CHOORMA LADOO,https://food.ndtv.com/recipe-gur-choorma-ladoo-958337
39,OBBATTU,https://food.ndtv.com/recipe-obbattu-958335
40,ATTA VEGETABLE KHICHDI,https://food.ndtv.com/recipe-atta-vegetable-khichdi-958332
41,PEANUT & JAM MODAK,https://food.ndtv.com/recipe-peanut-jam-modak-958329
42,KANCHIPURAM IDLI,https://food.ndtv.com/recipe-kanchipuram-idli-958322
43,ACHAARI PANEER PULAO,https://food.ndtv.com/recipe-achaari-paneer-pulao-958321
44,CHEESE MYSORE MASALA DOSA,https://food.ndtv.com/recipe-cheese-mysore-masala-dosa-958317
45,ALOO AUR BEETROOT KA HALWA,https://food.ndtv.com/recipe-aloo-aur-beetroot-ka-halwa-958313
46,ATTA VEGETABLE DOSA,https://food.ndtv.com/recipe-atta-vegetable-dosa-958308
47,DARBARI DAL,https://food.ndtv.com/recipe-darbari-dal-958307
48,VEGETABLE ROTI,https://food.ndtv.com/recipe-vegetable-roti-958305
49,NON FRIED MASALA BANANA CHIPS,https://food.ndtv.com/recipe-non-fried-masala-banana-chips-958299
50,MASOOR DAL VADA,https://food.ndtv.com/recipe-masoor-dal-vada-958298
51,COCONUT AND DING LADOO,https://food.ndtv.com/recipe-coconut-and-ding-ladoo-958297
52,SUGAR FREE CHOCOLATE SANDESH,https://food.ndtv.com/recipe-sugar-free-chocolate-sandesh-958296
53,HIMACHALI BEDUAN ROTI,https://food.ndtv.com/recipe-himachali-beduan-roti-958290
54,CHETTINAD PANIYARAM,https://food.ndtv.com/recipe-chettinad-paniyaram-958286
55,IDLI IN COCONUT SAUCE,https://food.ndtv.com/recipe-idli-in-coconut-sauce-958261
56,COORGI GHEE RICE,https://food.ndtv.com/recipe-coorgi-ghee-rice-958260
57,DAHIWALI TOOR DAL,https://food.ndtv.com/recipe-dahiwali-toor-dal-958244
58,KOFTA KADHI,https://food.ndtv.com/recipe-kofta-kadhi-958221
59,RAW BANANA FRY (ARATIKAYA FRY),https://food.ndtv.com/recipe-raw-banana-fry-aratikaya-fry-958190
60,ELNEER PAYASAM,https://food.ndtv.com/recipe-elneer-payasam-958187
61,SOYA DAL PARATHA,https://food.ndtv.com/recipe-soya-dal-paratha-958174
62,SOUTH INDIAN DAHI KADHI,https://food.ndtv.com/recipe-south-indian-dahi-kadhi-958165
63,GULKAND ICE CREAM,https://food.ndtv.com/recipe-gulkand-ice-cream-958161
64,CURRY LEAVES THOGAYAL,https://food.ndtv.com/recipe-curry-leaves-thogayal-958146
65,3-INGREDIENT STUFFED MANGO KULFI,https://food.ndtv.com/recipe-3-ingredient-stuffed-mango-kulfi-958145
66,DOLI KI ROTI,https://food.ndtv.com/recipe-doli-ki-roti-958137
67,ALOO PALAK PARATHA,https://food.ndtv.com/recipe-aloo-palak-paratha-958119
68,CHEESE BAIDA ROTI,https://food.ndtv.com/recipe-cheese-baida-roti-958094
69,CHETTINAD CHICKEN BIRYANI,https://food.ndtv.com/recipe-chettinad-chicken-biryani-958093
70,ANDHRA-STYLE TOMATO CHUTNEY,https://food.ndtv.com/recipe-andhra-style-tomato-chutney-958089
71,LEMON RASAM,https://food.ndtv.com/recipe-lemon-rasam-958083
72,SOYA CHANA DAL BHURJI,https://food.ndtv.com/recipe-soya-chana-dal-bhurji-958067
73,CHICKEN KOTHU PAROTTA,https://food.ndtv.com/recipe-chicken-kothu-parotta-958066
74,MASOOR DAL KHICHDI,https://food.ndtv.com/recipe-masoor-dal-khichdi-958062
75,BANANA KHEER,https://food.ndtv.com/recipe-banana-kheer-958056
76,HARYALI SUBZ PULAO,https://food.ndtv.com/recipe-haryali-subz-pulao-958049
77,GLUTEN FREE RAGI PARIPU NEER DOSA,https://food.ndtv.com/recipe-gluten-free-ragi-paripu-neer-dosa-958048
78,BANANA APPAM,https://food.ndtv.com/recipe-banana-appam-958021
79,PANEER PARATHA,https://food.ndtv.com/recipe-paneer-paratha-958018
80,PALAK PANEER LIFAFA,https://food.ndtv.com/recipe-palak-paneer-lifafa-958012
81,CHICKEN EGG PARANTHA ROLL,https://food.ndtv.com/recipe-chicken-egg-parantha-roll-958011
82,TANGY TAMARIND PRAWN CURRY,https://food.ndtv.com/recipe-tangy-tamarind-prawn-curry-958005
83,UP-STYLE LAPSI,https://food.ndtv.com/recipe-up-style-lapsi-957979
84,VADAPOO CUTLET,https://food.ndtv.com/recipe-vadapoo-cutlet-957954
85,ANDHRA STYLE GUNTUR IDLI,https://food.ndtv.com/recipe-andhra-style-guntur-idli-957949
86,KEERAI MOLAGOOTAL,https://food.ndtv.com/recipe-keerai-molagootal-957947
87,HYDERABADI VEG DALCHA,https://food.ndtv.com/recipe-hyderabadi-veg-dalcha-957936
88,PHOOL MAKHANE KI KHEER,https://food.ndtv.com/recipe-phool-makhane-ki-kheer-957931
89,BEETROOT UTTAPAM,https://food.ndtv.com/recipe-beetroot-uttapam-957907
90,COCONUT POLI,https://food.ndtv.com/recipe-coconut-poli-957905
91,BHANG GUJIYA,https://food.ndtv.com/recipe-bhang-gujiya-957903
92,CHOCOLATE GUJIYA,https://food.ndtv.com/recipe-chocolate-gujiya-957899
93,RANGEELA BARFI,https://food.ndtv.com/recipe-rangeela-barfi-957893
94,MASALA TOMATO UPMA,https://food.ndtv.com/recipe-masala-tomato-upma-957889
95,URAD DAL KADHI,https://food.ndtv.com/recipe-urad-dal-kadhi-957864
96,ANCIENT GRAIN UPMA,https://food.ndtv.com/recipe-ancient-grain-upma-957854
97,LEFTOVER DAL CHEELA,https://food.ndtv.com/recipe-leftover-dal-cheela-957825
98,KERALA-STYLE NARANGA ACHAAR,https://food.ndtv.com/recipe-kerala-style-naranga-achaar-957801
99,KERALA-STYLE PARIPPU (MASOOR DAL) CURRY,https://food.ndtv.com/recipe-kerala-style-parippu-masoor-dal-curry-957795
100,SAKKARAI PONGAL,https://food.ndtv.com/recipe-sarkarai-pongal-957737
101,UPPERI,https://food.ndtv.com/recipe-upperi-957724
102,ELUMBU RASAM,https://food.ndtv.com/recipe-elumbu-rasam-957699
103,CHANA DAL VADA,https://food.ndtv.com/recipe-chana-dal-vada-957698
104,MASALA UTTAPAM,https://food.ndtv.com/recipe-masala-uttapam-957690
105,KUSKA BIRYANI,https://food.ndtv.com/recipe-kuska-biryani-957581
106,PANEER BHATURA,https://food.ndtv.com/recipe-paneer-bhatura-957534
107,PAYYOLI CHICKEN FRY,https://food.ndtv.com/recipe-payyoli-chicken-fry-957048
108,HYDERABADI DUM CHAI,https://food.ndtv.com/recipe-hyderabadi-dum-chai-957019
109,ALOO KULCHA,https://food.ndtv.com/recipe-aloo-kulcha-956979
110,PAHADI KAIRI KI CHUTNEY WITH GAHAT DAL PARATHA,https://food.ndtv.com/recipe-pahadi-kairi-ki-chutney-with-gahat-dal-daratha-956924
111,BUTTER CHICKEN KULCHA,https://food.ndtv.com/recipe-butter-chicken-kulcha-956770
112,JACKFRUIT AND SPINACH SAMBAR,https://food.ndtv.com/recipe-jackfruit-and-spinach-sambar-956692
113,CHANA DAL PULAO,https://food.ndtv.com/recipe-chana-dal-pulao-956656
114,THANDAI MACARON,https://food.ndtv.com/recipe-thandai-macaron-956571
115,MALAI GUJIYA,https://food.ndtv.com/recipe-malai-gujiya-956558
116,THANDAI CHEESECAKE,https://food.ndtv.com/recipe-thandai-cheesecake-956556
117,ANNANAS AUR KALONJI KI GUJIYA,https://food.ndtv.com/recipe-annanas-aur-kalonji-ki-gujiya-956555
118,CHOCOLATE AND CEREAL KI GUJIYA,https://food.ndtv.com/recipe-chocolate-and-cereal-ki-gujiya-956552
119,SITAFAL BASUNDI,https://food.ndtv.com/recipe-sitafal-basundi-956549
120,CHILLI IDLI,https://food.ndtv.com/recipe-chilli-idli-956384
121,KHAS KHAS AND GUD KI PANJIRI,https://food.ndtv.com/recipe-khas-khas-and-gud-ki-panjiri-956333
122,NALLI KA SALAN,https://food.ndtv.com/recipe-nalli-ka-salan-956226
123,KEEMA NAAN,https://food.ndtv.com/recipe-keema-naan-956184
124,PALAK VADA,https://food.ndtv.com/recipe-palak-vada-956145
125,JALEBI CHURROS,https://food.ndtv.com/recipe-jalebi-churros-956140
126,ALOO DO PYAZA,https://food.ndtv.com/recipe-aloo-do-pyaza-956131
127,PANEER MASALA FRY,https://food.ndtv.com/recipe-paneer-masala-fry-956125
128,GUD TIL LADOO,https://food.ndtv.com/recipe-gud-til-ladoo-956120
129,EGG SAMOSA,https://food.ndtv.com/recipe-egg-samosa-956117
130,POHA CHAAT,https://food.ndtv.com/recipe-poha-chaat-956101
131,BUTTER CHICKEN PASTA,https://food.ndtv.com/recipe-butter-chicken-pasta-956092
132,MATAR SAMOSA,https://food.ndtv.com/recipe-matar-samosa-956083
133,RAJASTHANI HALDI SABZI,https://food.ndtv.com/recipe-rajasthani-haldi-sabzi-956080
134,CHANA DAL CHIKKI,https://food.ndtv.com/recipe-chana-dal-chikki-956072
135,ATTHE MUTTON CURRY,https://food.ndtv.com/recipe-atthe-mutton-curry-956043
136,CHOLE SAMOSA CHAAT,https://food.ndtv.com/recipe-chole-samosa-chaat-956041
137,KERALA EGG CURRY,https://food.ndtv.com/recipe-kerala-egg-curry-956008
138,KARIWARI CHICKEN CURRY,https://food.ndtv.com/recipe-kariwari-chicken-curry-955982
139,QUINOA AND SABUDANA KESARI BATH,https://food.ndtv.com/recipe-quinoa-and-sabudana-kesari-bath-955958
140,BREAD DAHI CHAAT,https://food.ndtv.com/recipe-bread-dahi-chaat-955944
141,BREAD MEDU VADA,https://food.ndtv.com/recipe-bread-medu-vada-955935
142,3-INGREDIENT ONION PICKLE,https://food.ndtv.com/recipe-3-ingredient-onion-pickle-955910
143,DAHI SAMOSA CHAAT,https://food.ndtv.com/recipe-dahi-samosa-chaat-955909
144,ADRAK KA ACHAR,https://food.ndtv.com/recipe-adrak-ka-achar-955834
145,IDLI DHOKLA,https://food.ndtv.com/recipe-idli-dhokla-955824
146,KARNATAKA STYLE PURAN POLI,https://food.ndtv.com/recipe-karnataka-style-puran-poli-955601
147,MUTTON SUKKA,https://food.ndtv.com/recipe-mutton-sukka-955536
148,CHICKEN KONDATTAM,https://food.ndtv.com/recipe-chicken-kondattam-955498
149,HOMEMADE BREAD GULAB JAMUN,https://food.ndtv.com/recipe-homemade-bread-gulab-jamun-955494
150,CHOCO-ELAICHI PEDA,https://food.ndtv.com/recipe-choco-elaichi-peda-955471
151,NUTS BARFI,https://food.ndtv.com/recipe-nuts-barfi-955470
152,LAUKI ROTI,https://food.ndtv.com/recipe-lauki-roti-955416
153,DIABETIC-FRIENDLY RABRI,https://food.ndtv.com/recipe-diabetic-friendly-rabri-955412
154,ALOO POHA,https://food.ndtv.com/recipe-aloo-poha-955398
155,PANEER TIKKA TOAST,https://food.ndtv.com/recipe-paneer-tikka-toast-955386
156,JHAJARIYA,https://food.ndtv.com/recipe-jhajariya-955385
157,CHINESE IDLI,https://food.ndtv.com/recipe-chinese-idli-955342
158,VARO MITHAI,https://food.ndtv.com/recipe-varo-mithai-955323
159,SWEET POTATO SHRIKHAND,https://food.ndtv.com/recipe-sweet-potato-shrikhand-955318
160,ACHARI PANEER PARATHA,https://food.ndtv.com/recipe-achari-paneer-paratha-955294
161,KASHMIRI ROTI,https://food.ndtv.com/recipe-kashmiri-roti-955291
162,LYCHEE RABRI KULFI,https://food.ndtv.com/recipe-lychee-rabri-kulfi-955287
163,CHILLI PAROTTA,https://food.ndtv.com/recipe-chilli-parotta-955271
164,PAAL POLI,https://food.ndtv.com/recipe-paal-poli-955269
165,CHICKEN SALNA,https://food.ndtv.com/recipe-chicken-salna-955254
166,PANEER DO PYAZA,https://food.ndtv.com/recipe-paneer-do-pyaza-955250
167,GOLI IDLI,https://food.ndtv.com/recipe-goli-idli-955242
168,NADAN KOZHI CURRY,https://food.ndtv.com/recipe-nadan-kozhi-curry-955234
169,NILAKADALAI CHUTNEY,https://food.ndtv.com/recipe-nilakadalai-chutney-955208
170,CHICKEN KEEMA IDLI,https://food.ndtv.com/recipe-chicken-keema-idli-955192
171,KULCHA NAAN,https://food.ndtv.com/recipe-kulcha-naan-955183
172,AGRA PARATHA THALI,https://food.ndtv.com/recipe-agra-paratha-thali-955179
173,EGG MAKHANI,https://food.ndtv.com/recipe-egg-makhani-955164
174,ALOO KI JALEBI,https://food.ndtv.com/recipe-aloo-ki-jalebi-955158
175,INDIAN BAKED SAMOSA PIE,https://food.ndtv.com/recipe-indian-baked-samosa-pie-955155
176,MANGO CHICKEN CURRY,https://food.ndtv.com/recipe-mango-chicken-curry-955152
177,SHAHI LASSI,https://food.ndtv.com/recipe-shahi-lassi-955131
178,TANDOORI EGG,https://food.ndtv.com/recipe-tandoori-egg-955126
179,KOTTE KADUBU,https://food.ndtv.com/recipe-kotte-kadubu-955123
180,GREEN MANGO KULUKKI,https://food.ndtv.com/recipe-green-mango-kulukki-955093
181,BAGARA EGG MASALA,https://food.ndtv.com/recipe-bagara-egg-masala-955083
182,TOMATO AND FENUGREEK CHUTNEY,https://food.ndtv.com/recipe-tomato-and-fenugreek-chutney-955073
183,KHATTE LEHSUNI ALOO,https://food.ndtv.com/recipe-khatte-lehsuni-aloo-955067
184,GREEN FISH CURRY,https://food.ndtv.com/recipe-green-fish-curry-955061
185,ONION GARLIC PARANTHA,https://food.ndtv.com/recipe-onion-garlic-parantha-955060
186,BARLEY AND MOONG DAL KHICHDI,https://food.ndtv.com/recipe-barley-and-moong-dal-khichdi-955058
187,VEGETABLE CRISPY SAMOSA,https://food.ndtv.com/recipe-vegetable-crispy-samosa-955045
188,PANEER MAKHANWALA,https://food.ndtv.com/recipe-paneer-makhanwala-955041
189,HYDERABADI BAGARA KHANA (BAGARA RICE),https://food.ndtv.com/recipe-hyderabadi-bagara-khana-bagara-rice-955023
190,BAJRA DOSA,https://food.ndtv.com/recipe-bajra-dosa-954946
191,CHURUMURI,https://food.ndtv.com/recipe-churumuri-954751
192,MEETHI KOKI,https://food.ndtv.com/recipe-meethi-koki-954746
193,PANEER THREAD ROLLS,https://food.ndtv.com/recipe-paneer-thread-rolls-954549
194,LEMON COCONUT SQUARES,https://food.ndtv.com/recipe-lemon-coconut-squares-954530
195,ARSA,https://food.ndtv.com/recipe-arsa-954529
196,MAKAI KI GALVANI,https://food.ndtv.com/recipe-makai-ki-galvani-954528
197,DHORA RA GOTAKA,https://food.ndtv.com/recipe-dhora-ra-gotaka-954527
198,CHUKANDAR KA HALWA WITH VANILLA ICE CREAM,https://food.ndtv.com/recipe-chukandar-ka-halwa-with-vanilla-ice-cream-954516
199,CHOCOLATE FROZEN PHIRNI,https://food.ndtv.com/recipe-chocolate-frozen-phirni-954515
200,TIRANGA PASTRY,https://food.ndtv.com/recipe-tiranga-pastry-954510
201,RAJASTHANI KADHI WITH TOFU PALAK PAKODA,https://food.ndtv.com/recipe-rajasthani-kadhi-with-tofu-palak-pakoda-954506
202,ALMOND AND ROSE KHEER,https://food.ndtv.com/recipe-almond-and-rose-kheer-954499
203,BANANA COCONUT IDLI,https://food.ndtv.com/recipe-banana-coconut-idli-954482
204,CHUR CHUR NAAN,https://food.ndtv.com/recipe-chur-chur-naan-954470
205,NIMBU AUR HALDI KA DUWARI MURGH,https://food.ndtv.com/recipe-nimbu-aur-haldi-ka-duwari-murgh-954441
206,LAAL MAAS,https://food.ndtv.com/recipe-laal-maas-954388
207,CRISPY KALAKAND,https://food.ndtv.com/recipe-crispy-kalakand-954387
208,HARA DANA METHI BAIL GATTA CURRY,https://food.ndtv.com/recipe-hara-dana-methi-bail-gatta-curry-954379
209,KESAR PISTA PHIRNI,https://food.ndtv.com/recipe-kesar-pista-phirni-954373
210,MURGH MALAI TIKKA WITH MINT CHUTNEY,https://food.ndtv.com/recipe-murgh-malai-tikka-with-mint-chutney-954372
211,BESAN KE LADDOO,https://food.ndtv.com/recipe-besan-ke-laddoo-954371
212,KHOYA KHURCHAN PARATHA,https://food.ndtv.com/recipe-khoya-khurchan-paratha-954368
213,NEEM CHUTNEY,https://food.ndtv.com/recipe-neem-chutney-954327
214,SWEET KACHORIS,https://food.ndtv.com/recipe-sweet-kachoris-954285
215,THANDAI MOUSSE,https://food.ndtv.com/recipe-thandai-mousse-954278
216,JALEBI CHAAT,https://food.ndtv.com/recipe-jalebi-chaat-954276
217,TANDOORI BLACKED POMFRET,https://food.ndtv.com/recipe-tandoori-blacked-pomfret-954260
218,SINDHI KADHI,https://food.ndtv.com/recipe-sindhi-kadhi-954177
219,ZAITOONI SUBZ BIRYANI,https://food.ndtv.com/recipe-zaitooni-subz-biryani-954173
220,RASMALAI TIRAMISU,https://food.ndtv.com/recipe-rasmalai-tiramisu-954001
221,CRUNCHY VEGETABLE DAL SATTU CROQUETTES,https://food.ndtv.com/recipe-crunchy-vegetable-dal-sattu-croquettes-953986
222,SUGAR FREE MODAK,https://food.ndtv.com/recipe-sugar-free-modak-953935
223,BEETROOT MODAK,https://food.ndtv.com/recipe-beetroot-modak-953934
224,ACTIVE CHARCOAL MODAK,https://food.ndtv.com/recipe-active-charcoal-modak-953933
225,FLAX SEED AND BEETROOT MODAK,https://food.ndtv.com/recipe-flax-seed-and-beetroot-modak-953928
226,SAFFRON AND SESAME MODAK,https://food.ndtv.com/recipe-saffron-and-sesame-modak-953927
227,CHICKOO LASSI,https://food.ndtv.com/recipe-chickoo-lassi-953921
228,GHAVAN,https://food.ndtv.com/recipe-ghavan-953920
229,ANDHRA PAN FRIED POMFRET,https://food.ndtv.com/recipe-andhra-pan-fried-pomfret-953919
230,ANDHRA CRAB MEAT MASALA,https://food.ndtv.com/recipe-andhra-crab-meat-masala-953916
231,NEY APPAM,https://food.ndtv.com/recipe-nei-appam-953892
232,MALABARI FISH CURRY,https://food.ndtv.com/recipe-malabari-fish-curry-953726
233,GHEE ROAST CHICKEN DOSA QUESADILLA,https://food.ndtv.com/recipe-ghee-roast-chicken-dosa-quesadilla-953692
234,BAMBOO BIRYANI,https://food.ndtv.com/recipe-bamboo-biryani-953676
235,CHICKEN GILAFI KEBAB,https://food.ndtv.com/recipe-chicken-gilafi-kebab-953625
236,KIMAMI SEWAIYAN,https://food.ndtv.com/recipe-kimami-sewaiyan-953624
237,AWADHI GOSHT KORMA,https://food.ndtv.com/recipe-awadhi-gosht-korma-953614
238,AJWAINI PANEER KOFTA CURRY,https://food.ndtv.com/recipe-ajwaini-paneer-kofta-curry-953568
239,KESARI SHRIKHAND,https://food.ndtv.com/recipe-kesari-shrikhand-953540
240,KANJI VADA,https://food.ndtv.com/recipe-kanji-vada-953501
241,THANDAI BARFI,https://food.ndtv.com/recipe-thandai-barfi-953499
242,CHOCOLATE PRUNES GUJIYAS,https://food.ndtv.com/recipe-chocolate-prunes-gujiyas-953497
243,KESARI GUJIYA,https://food.ndtv.com/recipe-kesari-gujiya-953493
244,BHANG PEDA,https://food.ndtv.com/recipe-bhang-peda-953492
245,PLUCK STYLE CLASSIC DAHI VADA,https://food.ndtv.com/recipe-pluck-style-classic-dahi-vada-953491
246,WALNUT BROWNIE GUJIYA,https://food.ndtv.com/recipe-walnut-brownie-gujiya-953488
247,SEVIYAN KHEER,https://food.ndtv.com/recipe-seviyan-kheer-953482
248,THANDAI RASMALAI,https://food.ndtv.com/recipe-thandai-rasmalai-953481
249,BADAM AUR GULKAND KI KULFI,https://food.ndtv.com/recipe-badam-aur-gulkand-ki-kulfi-953479
250,ALMOND AND ROSE KHEER,https://food.ndtv.com/recipe-almond-and-rose-kheer-953478
251,ALMOND & WHITE CHOCOLATE GUJIYA,https://food.ndtv.com/recipe-almond-white-chocolate-gujiya-953477
252,RUWANGAN HACHI CHAMAN,https://food.ndtv.com/recipe-ruwangan-hachi-chaman-953396
253,HOKH HUND MUTTON KOFTE,https://food.ndtv.com/recipe-hokh-hund-mutton-kofte-953395
254,AL HACHI CHICKEN,https://food.ndtv.com/recipe-al-hachi-chicken-953393
255,TRICOLOR THAI FRUIT JELLY,https://food.ndtv.com/recipe-tricolor-thai-fruit-jelly-953285
256,HANDI PANEER,https://food.ndtv.com/recipe-handi-paneer-953284
257,STUFFED RAVIOLI,https://food.ndtv.com/recipe-stuffed-ravioli-953279
258,MARCHWANGAN KORMA,https://food.ndtv.com/recipe-marchwangan-korma-953278
259,CHAR MINAR BIRYANI,https://food.ndtv.com/recipe-char-minar-biryani-953275
260,TRICOLOUR PASTA,https://food.ndtv.com/recipe-tricolor-pasta-953272
261,TRICOLOUR SALAD,https://food.ndtv.com/recipe-tricolour-salad-953269
262,TIRANGA LASAGNA,https://food.ndtv.com/recipe-tiranga-lasagna-953263
263,PEANUT GAJAK,https://food.ndtv.com/recipe-peanut-gajak-953232
264,GOKUL PITHE,https://food.ndtv.com/recipe-gokul-pithe-953231
265,SAKKARAI PONGAL,https://food.ndtv.com/recipe-sakkarai-pongal-953188
266,GULAB BADAM CHIKKI,https://food.ndtv.com/recipe-gulab-badam-chikki-953186
267,ZUCCHINI HALWA,https://food.ndtv.com/recipe-zucchini-halwa-953118
268,GAJAR HALWA TART,https://food.ndtv.com/recipe-gajar-halwa-tart-953114
269,MUTTON GHEE ROAST,https://food.ndtv.com/recipe-mutton-ghee-roast-953076
270,PESHAWARI CHAPLI KEBAB,https://food.ndtv.com/recipe-peshawari-chapli-kebab-952988
271,CHOCOLATE APPO,https://food.ndtv.com/recipe-chocolate-appo-952959
272,RED RICE VERMICELLI KHEER,https://food.ndtv.com/recipe-red-rice-vermicelli-kheer-952958
273,"QUINOA, COUSCOUS AND BEETROOT TIKKI",https://food.ndtv.com/recipe-quinoa-couscous-and-beetroot-tikki-952952
274,SOUS-VIDE SALMON TIKKA,https://food.ndtv.com/recipe-sous-vide-salmon-tikka-952944
275,SUBZ BADAM KA SHORBA,https://food.ndtv.com/recipe-subz-badam-ka-shorba-952938
276,DAHI ANJEER KE KEBAB,https://food.ndtv.com/recipe-dahi-anjeer-ke-kebab-952869
277,MADATA KHAJA,https://food.ndtv.com/recipe-madata-khaja-952836
278,GLUTEN FREE POLENTA HALWA,https://food.ndtv.com/recipe-gluten-free-polenta-halwa-952831
279,MULTI-LAYERED GHEVAR,https://food.ndtv.com/recipe-multi-layered-ghevar-952822
280,ALMOND AND RAW BANANA GALAWAT,https://food.ndtv.com/recipe-almond-and-raw-banana-galawat-952800
281,GRILLED ALMOND BARFI (SUGAR FREE),https://food.ndtv.com/recipe-grilled-almond-burfee-sugar-free-952798
282,CHOCOLATE KAJU KATLI,https://food.ndtv.com/recipe-chocolate-kaju-katli-952792
283,KAJU AND PISTA ROLL,https://food.ndtv.com/recipe-kaju-and-pista-roll-952791
284,STEAMED SANDESH,https://food.ndtv.com/recipe-steamed-sandesh-952789
285,ARISELU,https://food.ndtv.com/recipe-ariselu-952788
286,ANJEER KAJU ROLL,https://food.ndtv.com/recipe-anjeer-kaju-roll-952786
287,CHOCOLATE SAMOSA,https://food.ndtv.com/recipe-chocolate-samosa-952785
288,MIX FRUIT LACCHA RABRI TORTILLA CRUNCH,https://food.ndtv.com/recipe-mix-fruit-laccha-rabri-tortilla-crunch-952783
289,KALMI KEBAB,https://food.ndtv.com/recipe-kalmi-kebab-952770
290,SINGHADE KI KADHI,https://food.ndtv.com/recipe-singhade-ki-kadhi-952745
291,BASANTI PULAO,https://food.ndtv.com/recipe-basanti-pulao-952744
292,LABRA (MIXED VEG),https://food.ndtv.com/recipe-labra-mixed-veg-952743
293,VALENCIA FIZZ,https://food.ndtv.com/recipe-valencia-fizz-952735
294,PANEER TAMATAR KI SUBZI,https://food.ndtv.com/recipe-paneer-tamatar-ki-subzi-952719
295,SITAPHAL KI SUBZI,https://food.ndtv.com/recipe-sitaphal-ki-subzi-952718
296,KESARI SABUDANA KHICHDI,https://food.ndtv.com/recipe-kesari-sabudana-khichdi-952716
297,MAKHANE AUR KAJU KI KHEER,https://food.ndtv.com/recipe-makhane-aur-kaju-ki-kheer-952715
298,APPLE RABDI,https://food.ndtv.com/recipe-apple-rabdi-952636
299,DATES AND NUTS LADOO,https://food.ndtv.com/recipe-dates-and-nuts-ladoo-952634
300,MALABAR FISH CURRY,https://food.ndtv.com/recipe-malabar-fish-curry-952625
301,KESARI MODAK,https://food.ndtv.com/recipe-kesari-modak-952583
302,GEHUN KI KHEER,https://food.ndtv.com/recipe-gehun-ki-kheer-952570
303,BARFI MODAK,https://food.ndtv.com/recipe-barfi-modak-952568
304,BADAM KA KAHWA,https://food.ndtv.com/recipe-badam-ka-kahwa-952561
305,KEEMA KALEJI,https://food.ndtv.com/recipe-keema-kaleji-952553
306,HALF ROAST CHICKEN,https://food.ndtv.com/recipe-half-roast-chicken-952519
307,KASHMIRI HALWA,https://food.ndtv.com/recipe-kashmiri-halwa-952516
308,KAPPA (TAPIOCA),https://food.ndtv.com/recipe-kappa-tapioca-952503
309,BADAM KI PHIRNI,https://food.ndtv.com/recipe-badam-ki-phirni-952498
310,ALMOND AND AMARANTH LADOO,https://food.ndtv.com/recipe-almond-and-amaranth-ladoo-952497
311,MURGH BIRYANI,https://food.ndtv.com/recipe-murgh-biryani-952495
312,PISTACHIO PRALINE PARFAIT,https://food.ndtv.com/recipe-pistachio-praline-parfait-952492
313,ADA PRADHAMAN,https://food.ndtv.com/recipe-ada-pradhaman-952489
314,INJI PULI,https://food.ndtv.com/recipe-inji-puli-952488
315,HALEEM KHOWSUEY,https://food.ndtv.com/recipe-haleem-khowsuey-952474
316,RICELESS CHICKEN BIRYANI,https://food.ndtv.com/recipe-riceless-chicken-biryani-952473
317,RAGI DOSA,https://food.ndtv.com/recipe-ragi-dosa-952436
318,BAJRA-METHI MISSI ROTI,https://food.ndtv.com/recipe-bajra-methi-missi-roti-952435
319,SPICY PANEER WITH BEETROOT & CRANBERRY CHUTNEY,https://food.ndtv.com/recipe-spicy-paneer-with-beetroot-cranberry-chutney-952381
320,BAKED RAW BANANA SAMOSA,https://food.ndtv.com/recipe-baked-raw-banana-samosa-952370
321,LAUKI GOSHT,https://food.ndtv.com/recipe-lauki-gosht-952362
322,ORANGE QUINOA SEVAIYAN,https://food.ndtv.com/recipe-orange-quinoa-sevaiyan-952330
323,SEVAIYA KI BURFI,https://food.ndtv.com/recipe-sevaiya-ki-burfi-952328
324,GULKAND SEVIYAN KHEER,https://food.ndtv.com/recipe-gulkand-seviyan-kheer-952323
325,KARRI MURGH TIKKA,https://food.ndtv.com/recipe-karri-murgh-tikka-952316
326,KACCHE AAM KA MAHI,https://food.ndtv.com/recipe-kacche-aam-ka-mahi-952315
327,DUDH PULI,https://food.ndtv.com/recipe-dudh-puli-952290
328,ATTE KA HALWA,https://food.ndtv.com/recipe-atte-ka-halwa-952282
329,FRESH MANGO AMRAKHAND,https://food.ndtv.com/recipe-fresh-mango-amrakhand-952212
330,BANANA PHIRNI TARTLETS WITH FRESH STRAWBERRIES,https://food.ndtv.com/recipe-banana-phirni-tartlets-with-fresh-strawberries-952180
331,MAKHMAL PANEER KOFTA CURRY,https://food.ndtv.com/recipe-makhmal-paneer-kofta-curry-952178
332,ARBI KAJU KI TIKKI,https://food.ndtv.com/recipe-arbi-kaju-ki-tikki-952175
333,KUTTU AUR SINGHAARE KE AATE KI POORI,https://food.ndtv.com/recipe-kuttu-aur-singhaare-ke-aate-ki-poori-952169
334,SABUDANE KI KHEER,https://food.ndtv.com/recipe-sabudane-ki-kheer-952168
335,SUNCHOKE GALAWAT,https://food.ndtv.com/recipe-sunchoke-galawat-952166
336,WALNUT HALWA,https://food.ndtv.com/recipe-walnut-halwa-952145
337,MAKHANA KHEER,https://food.ndtv.com/recipe-makhana-kheer-952128
338,MAWA GUJIYA,https://food.ndtv.com/recipe-mawa-gujiya-952088
339,KARANJI,https://food.ndtv.com/recipe-karanji-952086
340,BERRY KANJI,https://food.ndtv.com/recipe-berry-kaanji-952084
341,GAITH DAL FRITTERS WITH HIMALAYAN CHUTNEY,https://food.ndtv.com/recipe-gaith-dal-fritters-with-himalayan-chutney-952082
342,KHAAS MALPOI (SUGAR FREE),https://food.ndtv.com/recipe-khaas-malpoi-sugar-free-952080
343,PAAN THANDAI,https://food.ndtv.com/recipe-paan-thandai-952073
344,KANJIOSKA DRINK,https://food.ndtv.com/recipe-kanjioska-drink-952071
345,HOLI SPECIAL MALAI KOFTA,https://food.ndtv.com/recipe-holi-special-malai-kofta-952068
346,THANDAI PHIRNI,https://food.ndtv.com/recipe-thandai-phirni-952064
347,HOLI SPECIAL BHANG PAKODE,https://food.ndtv.com/recipe-holi-special-bhang-pakoda-952060
348,MASALA CHAI,https://food.ndtv.com/recipe-masala-chai-952031
349,RABRI MALPUA,https://food.ndtv.com/recipe-rabri-malpua-951946
350,TIRANGA PULAO,https://food.ndtv.com/recipe-tiranga-pulao-951924
351,TRICOLOR COTTAGE CHEESE SKEWERS,https://food.ndtv.com/recipe-tricolor-cottage-cheese-skewers-951921
352,TIRANGA HALWA,https://food.ndtv.com/recipe-tiranga-halwa-951919
353,CHAWAL KI KHEER,https://food.ndtv.com/recipe-chawal-ki-kheer-951891
354,KESAR PISTA PHIRNI,https://food.ndtv.com/recipe-kesar-pista-phirni-951886
355,PATISHAPTA WITH STRAWBERRY COULIS,https://food.ndtv.com/recipe-patishapta-with-strawberry-coulis-951875
356,LUCHI,https://food.ndtv.com/recipe-luchi-951769
357,HOMEMADE KAJU KI BARFI,https://food.ndtv.com/recipe-homemade-kaju-ki-barfi-951758
358,KUTTU KI POORI,https://food.ndtv.com/recipe-kuttu-ki-poori-951748
359,HOMEMADE GULAB JAMUN,https://food.ndtv.com/recipe-homemade-gulab-jamun-951740
360,DAL PARANTHA,https://food.ndtv.com/recipe-dal-parantha-951728
361,SEMIYA UPMA,https://food.ndtv.com/recipe-semiya-upma-951720
362,CHICKEN SHAMI KEBAB,https://food.ndtv.com/recipe-chicken-shami-kebab-951716
363,ANJEER KI BARFI,https://food.ndtv.com/recipe-anjeer-ki-barfi-951688
364,ROASTED CHICKEN MASALA,https://food.ndtv.com/recipe-roasted-chicken-masala-951676
365,PURAN POLI,https://food.ndtv.com/recipe-puran-poli-951645
366,PANEER MALPUA,https://food.ndtv.com/recipe-paneer-malpua-951638
367,MANGO ICE CREAM,https://food.ndtv.com/recipe-mango-ice-cream-951605
368,KHUS KHUS KA HALWA,https://food.ndtv.com/recipe-khus-khus-ka-halwa-951601
369,INSTANT RAVA DOSA,https://food.ndtv.com/recipe-instant-rava-dosa-951467
370,GAJAR KA HALWA WITH COFFEE GULAB JAMUN,https://food.ndtv.com/recipe-gajar-ka-halwa-with-coffee-gulab-jamun-951447
371,SAMAK DOSA,https://food.ndtv.com/recipe-samak-dosa-951303
372,KUTTU KI PURI,https://food.ndtv.com/recipe-kuttu-ki-puri-951300
373,TAMATER KI LAUNJI,https://food.ndtv.com/recipe-tamater-ki-launji-951294
374,MUTTON BELIRAM,https://food.ndtv.com/recipe-mutton-beliram-951260
375,NUGGEKAI PULIMUNCHI,https://food.ndtv.com/recipe-nuggekai-pulimunchi-951259
376,KHAS KHAS KA HALWA,https://food.ndtv.com/recipe-khas-khas-ka-halwa-951254
377,KACHORI UPSIDE DOWN,https://food.ndtv.com/recipe-kachori-upside-down-951253
378,AANARSA,https://food.ndtv.com/recipe-aanarsa-951252
379,ASSORTED RICE KHEER SUSHI,https://food.ndtv.com/recipe-assorted-rice-kheer-sushi-951251
380,SAFFRON CARDAMOM PANACOTTA,https://food.ndtv.com/recipe-saffron-cardamom-panacotta-951250
381,JALEBI WITH FENNEL YOGURT PUDDING,https://food.ndtv.com/recipe-jalebi-with-fennel-yogurt-pudding-951249
382,SABUDANA PAPAD WITH HYDERABADI DOUBLE MEETHA,https://food.ndtv.com/recipe-sabudana-papad-with-hyderabadi-double-meetha-951248
383,ZAFFRANI RABRI CRME ANGLASISE WITH LAUKI KE LACCHE,https://food.ndtv.com/recipe-zaffrani-rabri-crme-anglasise-with-lauki-ka-lacche-951247
384,JAGGERY JAMUN,https://food.ndtv.com/recipe-jaggery-jamun-951245
385,FALDHARI BADAM KI BARFI (SUGAR FREE),https://food.ndtv.com/recipe-faldhari-badam-ki-burfi-sugar-free-951244
386,EGG MASALA CURRY,https://food.ndtv.com/recipe-egg-masala-curry-951240
387,DRY FRUIT MODAK,https://food.ndtv.com/recipe-dry-fruit-modak-951237
388,DAHI CHICKEN,https://food.ndtv.com/recipe-dahi-chicken-951201
389,DAHI ALOO,https://food.ndtv.com/recipe-dahi-aloo-951200
390,EASY COCONUT RICE,https://food.ndtv.com/recipe-coconut-rice-951171
391,COCONUT LADOO,https://food.ndtv.com/recipe-coconut-ladoo-951170
392,BENGALI STYLE CHANA DAL,https://food.ndtv.com/recipe-bengali-style-chana-dal-951166
393,AMRITSARI CHICKEN MASALA,https://food.ndtv.com/recipe-amritsari-chicken-masala-951152
394,ACHAARI ALOO,https://food.ndtv.com/recipe-achaari-aloo-951150
395,VRATWALE DAHI ALOO,https://food.ndtv.com/recipe-vratwale-dahi-aloo-951127
396,VADA PAV,https://food.ndtv.com/recipe-vada-pav-134
397,SPICY DAHI TADKA,https://food.ndtv.com/recipe-spicy-dahi-tadka-132
398,DAHI AUR BHINDI,https://food.ndtv.com/recipe-dahi-bhindi-131
399,SOYA CHAAP CURRY,https://food.ndtv.com/recipe-soya-chaap-curry-118
400,EASY DAHI BHALLA,https://food.ndtv.com/recipe-dahi-bhalla-113
401,SOOJI HALWA,https://food.ndtv.com/recipe-sooji-halwa-112
402,PAAPDI CHAAT,https://food.ndtv.com/recipe-paapdi-chaat-111
403,HARA BHARA KEBAB,https://food.ndtv.com/recipe-hara-bhara-kebab-94
404,DHABA-STYLE CHICKEN,https://food.ndtv.com/recipe-dhaba-style-chicken-84
405,CURD RICE,https://food.ndtv.com/recipe-curd-rice-77
406,MINT AND TURMERIC CHUTNEY (VILLAGE STYLE),https://food.ndtv.com/recipe-mint-and-turmeric-chutney-village-style-41
407,MASALA CHAAS,https://food.ndtv.com/recipe-masala-chaas-27
408,EASY BREAD POHA,https://food.ndtv.com/recipe-bread-poha-22
409,MAWA KACHORI,https://food.ndtv.com/recipe-mawa-kachori-913475
410,MALAI GHEVAR,https://food.ndtv.com/recipe-malai-ghevar-912475
411,AJWAIN AUR KALONJI KI NIMKI,https://food.ndtv.com/recipe-ajwain-aur-kalonji-ki-nimki-898178
412,ATTE KI PINNI,https://food.ndtv.com/recipe-atte-ki-pinni-898168
413,NACHNI BARFI,https://food.ndtv.com/recipe-nachni-barfi-897418
414,CHICKEN NIMBU DHANIYA SHORBA,https://food.ndtv.com/recipe-chicken-nimbu-dhaniya-shorba-895091
415,DAHI LASOONI CHICKEN,https://food.ndtv.com/recipe-dahi-lasooni-chicken-892854
416,KACHE KELE KI TIKKI,https://food.ndtv.com/recipe-kache-kele-ki-tikki-877162
417,MOONG FLOUR PESARATTU,https://food.ndtv.com/recipe-moong-flour-pesarattu-875929
418,LAUKI GULKAND BARFI,https://food.ndtv.com/recipe-lauki-gulkand-barfi-874841
419,SWEET POTATO RICE,https://food.ndtv.com/recipe-sweet-potato-rice-874272
420,MIXED SPROUTS CORN CHAAT,https://food.ndtv.com/recipe-mixed-sprouts-corn-chaat-873837
421,DAL BAFLA,https://food.ndtv.com/recipe-dal-bafla-872322
422,EGG PARATHA,https://food.ndtv.com/recipe-egg-paratha-855115
423,VERMICELLI UPMA,https://food.ndtv.com/recipe-vermicelli-upma-855092
424,BREAD UPMA,https://food.ndtv.com/recipe-bread-upma-855072
425,CARDAMOM BISCOTTI,https://food.ndtv.com/recipe-cardamom-biscotti-852301
426,ALMOND BISCOTTI,https://food.ndtv.com/recipe-almond-biscotti-852164
427,AAMRAS,https://food.ndtv.com/recipe-aamras-847524
428,MANGO LASSI ICE CREAM,https://food.ndtv.com/recipe-mango-lassi-ice-cream-846731
429,DRY MANGO KUZHAMBU,https://food.ndtv.com/recipe-dry-mango-kuzhambu-843568
430,CHETTINAD KOZHI (CHICKEN) CURRY,https://food.ndtv.com/recipe-chettinad-kozhi-chicken-curry-841524
431,FALSA SHERBET,https://food.ndtv.com/recipe-falsa-sherbet-822103
432,TIL LADOO (LADDU),https://food.ndtv.com/recipe-til-ladoo-laddu-788751
433,AAMCHOORI KARELEY,https://food.ndtv.com/recipe-amchoori-karelay-776223
434,ALOO GOBI,https://food.ndtv.com/recipe-aloo-gobi-776200
435,CUSTARD APPLE KHEER,https://food.ndtv.com/recipe-custard-apple-kheer-763671
436,TURMERIC KULFI,https://food.ndtv.com/recipe-turmeric-kulfi-748879
437,MAWE KA BHUTTA,https://food.ndtv.com/recipe-mawe-ka-bhutta-738596
438,KHUS KHUS ROLL,https://food.ndtv.com/recipe-khus-khus-roll-738307
439,PHIRNI WITH FRESH BERRIES,https://food.ndtv.com/recipe-phirni-with-fresh-berries-738291
440,HALEEM,https://food.ndtv.com/recipe-haleem-738250
441,MATKA MALAI KULFI,https://food.ndtv.com/recipe-malai-kulfi-713312
442,SHEER KORMA,https://food.ndtv.com/recipe-sheer-korma-710580
443,CHICKEN 65,https://food.ndtv.com/recipe-chicken-65-dakshin-710123
444,BADAM KA HALWA,https://food.ndtv.com/recipe-badam-halwa-709621
445,GULAB JAMUN,https://food.ndtv.com/recipe-gulab-jamun-709208
446,DHABE DI ROTI,https://food.ndtv.com/recipe-dhabe-di-roti-708187
447,TAWA MUTTON,https://food.ndtv.com/recipe-tawa-mutton-707328
448,TAWA SABZ PULAO,https://food.ndtv.com/recipe-tawa-sabz-pulao-707268
449,PHIRNI,https://food.ndtv.com/recipe-phirni-701844
450,AMRITSARI KULCHA,https://food.ndtv.com/recipe-amritsari-kulcha-701525
451,FRESH ALPHONSO AND CRANBERRY KULFI,https://food.ndtv.com/recipe-fresh-alphonso-and-cranberry-kulfi-694760
452,ALOO KA HALWA,https://food.ndtv.com/recipe-aloo-ka-halwa-673827
453,KESARIA MISHRI MAVA,https://food.ndtv.com/recipe-kesaria-mishri-mava-659488
454,PALAK PATTA CHAAT,https://food.ndtv.com/recipe-palak-patta-chaat-641335
455,CUSTARD APPLE KALAKAND,https://food.ndtv.com/recipe-custard-apple-kalakand-617963
456,MALAI KOFTA,https://food.ndtv.com/recipe-malai-kofta-617952
457,APPAM: RICE AND COCONUT PANCAKE,https://food.ndtv.com/recipe-appam-rice-and-coconut-pancake-617673
458,COCONUT TIL LADOO (LADDU),https://food.ndtv.com/recipe-coconut-til-ladoo-laddu-609918
459,SPICY CREAMY KADAI CHICKEN,https://food.ndtv.com/recipe-spicy-creamy-kadai-chicken-602589
460,ALOO KA PARANTHA (VRAT),https://food.ndtv.com/recipe-aloo-ka-parantha-vrat-596564
461,PRAWN TIKKA MASALA,https://food.ndtv.com/recipe-prawn-tikka-masala-593437
462,OATS KHEER,https://food.ndtv.com/recipe-oats-kheer-589089
463,APPLE JALEBI WITH GULAB ICE-CREAM,https://food.ndtv.com/recipe-apple-jalebi-with-gulab-ice-cream-585468
464,ZAFRANI KAJU KATLI,https://food.ndtv.com/recipe-zafrani-kaju-katli-577091
465,ANARSE KI GOLI,https://food.ndtv.com/recipe-anarse-ki-goli-fried-sweet-balls-made-of-riceflour-2-567229
466,CHETTINAD MASALA,https://food.ndtv.com/recipe-chettinad-masala-2-567070
467,SHEER KHURMA,https://food.ndtv.com/recipe-sheer-khurma-560738
468,BHUNI RAAN,https://food.ndtv.com/recipe-bhuni-raan-558915
469,KERALA ROAST CHICKEN,https://food.ndtv.com/recipe-kerala-roast-chicken-558889
470,TOMATO CHUTNEY,https://food.ndtv.com/recipe-tomato-chutney-555575
471,KONJU VARUTHARACCHA CURRY (KERALA PRAWN CURRY),https://food.ndtv.com/recipe-konju-varutharaccha-curry-kerala-prawn-curry-554293
472,BEEJ KI BARFI,https://food.ndtv.com/recipe-beej-ki-barfee-2-554243
473,MURUKKU (FRIED LENTIL SNACK),https://food.ndtv.com/recipe-murukku-fried-lentil-snack-550420
474,GHEWAR,https://food.ndtv.com/recipe-ghewar-549086
475,RAVA KHEER,https://food.ndtv.com/recipe-rava-kheer-544282
476,POORI (PURI),https://food.ndtv.com/recipe-poori-puri-540904
477,PUFFED RICE SQUARES,https://food.ndtv.com/recipe-puffed-rice-squares-539717
478,RABRI,https://food.ndtv.com/recipe-rabri-539703
479,ALOO KI KHICHDI,https://food.ndtv.com/recipe-aloo-ki-khichdree-1-495673
480,SHAHI TUKDA,https://food.ndtv.com/recipe-shahi-tukda-493848
481,BADAAM KI BARFI,https://food.ndtv.com/recipe-badaam-ki-barfee-1-492590
482,COCONUT GUJIYA,https://food.ndtv.com/recipe-coconut-gujiya-492207
483,AAM KI CHUTNEY,https://food.ndtv.com/recipe-aam-ki-chutney-mango-chutney-491074
484,SEEKH KEBABS,https://food.ndtv.com/recipe-seekh-kababs-1-489518
485,UTTAPAM,https://food.ndtv.com/recipe-uttapam-1-489019
486,ALOO PARATHA,https://food.ndtv.com/recipe-aloo-paratha-487816
487,STUFFED LAUKI,https://food.ndtv.com/recipe-stuffed-lauki-486432
488,PANEER PAKORAS,https://food.ndtv.com/recipe-paneer-pakoras-483397
489,KHEERE KA RAITA,https://food.ndtv.com/recipe-kheere-ka-raita-467596
490,AUBERGINE AND GREEN CHILI SALAN,https://food.ndtv.com/recipe-aubergine-and-green-chili-salan-467579
491,RAVA FRIED FISH,https://food.ndtv.com/recipe-rava-fried-fish-467524
492,PALKATTI CHETTINADU,https://food.ndtv.com/recipe-palkatti-chettinadu-466577
493,GOAN NEVRI,https://food.ndtv.com/recipe-goan-nevri-466544
494,BASUNDI,https://food.ndtv.com/recipe-basundi-1-466093
495,GUJARATI GHARI,https://food.ndtv.com/recipe-gujarati-ghari-465352
496,STUFFED IDLI,https://food.ndtv.com/recipe-stuffed-idlis-463795
497,PESARATTU (GREEN GRAM DOSA),https://food.ndtv.com/recipe-pesarattu-green-gram-dosa-463419
498,SHIMLA MIRCH AUR ALOO,https://food.ndtv.com/recipe-simla-mirch-aur-aloo-462156
499,KESARI JALEBI,https://food.ndtv.com/recipe-kesari-jalebi-438838
500,MALPUA,https://food.ndtv.com/recipe-malpua-438796
501,APPLE KHEER,https://food.ndtv.com/recipe-apple-kheer-438442
502,PANEER TIKKI,https://food.ndtv.com/recipe-paneer-tikki-418640
503,ERISSERY,https://food.ndtv.com/recipe-erissery-417848
504,PULISSERY,https://food.ndtv.com/recipe-pulissery-417847
505,AVIAL CURRY,https://food.ndtv.com/recipe-avial-curry-417846
506,BHINDI KA SALAN,https://food.ndtv.com/recipe-bhindi-ka-salan-411043
507,CABBAGE STUFFED PARATHA,https://food.ndtv.com/recipe-cabbage-stuffed-paratha-410884
508,CHILLI FISH,https://food.ndtv.com/recipe-chilli-fish-410882
509,RAGI OATS LADOO (LADDU),https://food.ndtv.com/recipe-ragi-oats-ladoo-laddu-406951
510,PORK CURRY,https://food.ndtv.com/recipe-coorg-pandi-curry-pork-curry-396490
511,LAMB KORMA,https://food.ndtv.com/recipe-badami-lamb-korma-392472
512,SHAHI TUKDA WITH PINEAPPLE,https://food.ndtv.com/recipe-shahi-tukda-with-pineapple-387491
513,AAM KA ACHAAR,https://food.ndtv.com/recipe-aam-ka-achaar-1-386944
514,KOLIWADA PRAWNS,https://food.ndtv.com/recipe-koliwada-prawns-385474
515,RAGI COCONUT LADOO (LADDU),https://food.ndtv.com/recipe-ragi-coconut-ladoo-laddu-384381
516,METHI CHICKEN,https://food.ndtv.com/recipe-methi-chicken-376929
517,STUFFED BATI,https://food.ndtv.com/recipe-stuffed-bati-375616
518,BAKED KARANJI (GUJIYA),https://food.ndtv.com/recipe-baked-karanji-374037
519,GREEN CHILLY RAITA,https://food.ndtv.com/recipe-green-chilly-raita-366285
520,TALWA PARATHA,https://food.ndtv.com/recipe-talwa-paratha-366249
521,GHYOOR,https://food.ndtv.com/recipe-ghyoor-351839
522,ANDHRA STYLE CHICKEN CURRY,https://food.ndtv.com/recipe-andhra-style-chicken-curry-351778
523,RAGI MALPUA,https://food.ndtv.com/recipe-ragi-malpua-346945
524,DAHI BHALLA,https://food.ndtv.com/recipe-dahi-bhalla-344280
525,VEGAN GAJAR KA HALWA,https://food.ndtv.com/recipe-vegan-gajar-ka-halwa-340384
526,MUTTON FRY,https://food.ndtv.com/recipe-mutton-fry-340305
527,MUTTON BIRYANI,https://food.ndtv.com/recipe-mutton-biryani-339364
528,LOW CALORIE OATS IDLI,https://food.ndtv.com/recipe-low-calorie-oats-idli-339011
529,KERALA CHICKEN ROAST,https://food.ndtv.com/recipe-kerala-chicken-roast-321121
530,VEGETABLE FRIED RICE,https://food.ndtv.com/recipe-vegetable-fried-rice-319120
531,PATISHAPTA,https://food.ndtv.com/recipe-patishapta-316517
532,MEETHI SEWAI,https://food.ndtv.com/recipe-meethi-sewai-313264
533,CHEESE CHICKEN KEBABS,https://food.ndtv.com/recipe-coriander-cheese-chicken-kebabs-313236
534,KHOYA STUFFED MATAR KI TIKKI,https://food.ndtv.com/recipe-khoya-stuffed-matar-ki-tikki-313212
535,GULABI PHIRNI,https://food.ndtv.com/recipe-gulab-phirni-313199
536,FISH CURRY WITH LOTUS STEM,https://food.ndtv.com/recipe-fish-curry-with-lotus-stems-312727
537,KASHMIRI CHICKEN PULAO,https://food.ndtv.com/recipe-kashmiri-chicken-pulao-310711
538,CHICKEN DUM BIRYANI,https://food.ndtv.com/recipe-chicken-dum-biryani-310708
539,SUJI BESAN ATTA LADOO (LADDU),https://food.ndtv.com/recipe-suji-besan-atta-ladoo-laddu-308261
540,RASMALAI,https://food.ndtv.com/recipe-rasmalai-303573
541,MUSHROOM UTTAPAM,https://food.ndtv.com/recipe-mushroom-utthapam-297944
542,ARISI TENGAAY PAYASAM,https://food.ndtv.com/recipe-arisi-tengaay-payasam-295747
543,AMRITSARI MAGAZ MASALA,https://food.ndtv.com/recipe-amritsari-magaz-masala-294820
544,GURDA KALEJI KEEMA,https://food.ndtv.com/recipe-gurda-kaleji-keema-294767
545,BROWN BASMATI RICE PILAF,https://food.ndtv.com/recipe-brown-basmati-rice-pilaf-294673
546,FRIED MODAK,https://food.ndtv.com/recipe-fried-modak-287979
547,MODAK,https://food.ndtv.com/recipe-modak-287978
548,CHICKEN XACUTI,https://food.ndtv.com/recipe-chicken-xacuti-287147
549,KUTTU KI PURI,https://food.ndtv.com/recipe-kuttu-ki-puri-281512
550,SABUDANA KHICHDI,https://food.ndtv.com/recipe-sabudana-khichdi-280328
551,DUM PANEER KALI MIRCH,https://food.ndtv.com/recipe-dum-paneer-kali-mirch-277008
552,ACHAAR KA PARATHA,https://food.ndtv.com/recipe-achaar-ka-paratha-275015
553,STEAMED DHOKLA,https://food.ndtv.com/recipe-steamed-dhokla-273208
554,PANEER KOFTA,https://food.ndtv.com/recipe-paneer-kofta-265411
555,RASGULLA,https://food.ndtv.com/recipe-rasgulla-262829
556,SHAHI EGG CURRY,https://food.ndtv.com/recipe-shahi-egg-curry-255633
557,PANJIRI,https://food.ndtv.com/recipe-panjiri-253163
558,KERALA FRIED PRAWNS,https://food.ndtv.com/recipe-kerala-fried-prawns-252573
559,LAMB ROGAN JOSH,https://food.ndtv.com/recipe-lamb-rogan-josh-252344
560,CHICKEN TIKKA MASALA,https://food.ndtv.com/recipe-chicken-tikka-masala-249661
561,MUTTA AVIYAL,https://food.ndtv.com/recipe-mutta-aviyal-241158
562,MANGALOREAN PRAWN CURRY,https://food.ndtv.com/recipe-mangalorean-prawn-curry-241149
563,MOONG DAL PAYASAM,https://food.ndtv.com/recipe-moong-dal-payasam-241132
564,ONION SEED PARATHA,https://food.ndtv.com/recipe-onion-seed-paratha-241133
565,MALPUA,https://food.ndtv.com/recipe-maalpua-241129
566,AMRITSARI MURGH MAKHANI,https://food.ndtv.com/recipe-amritsari-murgh-makhani-241118
567,GARLIC PARATHA,https://food.ndtv.com/recipe-garlic-paratha-240332
568,COCONUT RICE,https://food.ndtv.com/recipe-coconut-rice-240324
569,CHICKEN ROGAN JOSH,https://food.ndtv.com/recipe-chicken-rogan-josh-240272
570,LAUKI MUSSALLAM,https://food.ndtv.com/recipe-bottle-gourd-mussallam-240233
571,FISH CURRY,https://food.ndtv.com/recipe-fish-curry-239525
572,DHULI URAD DAL,https://food.ndtv.com/recipe-dhuli-urad-dal-239522
573,CHICKEN DO PYAAZA,https://food.ndtv.com/recipe-chicken-do-pyaaza-239518
574,GOAT BRAIN CUTLETS,https://food.ndtv.com/recipe-goat-brain-cutlets-239509
575,SPICY POTATO,https://food.ndtv.com/recipe-spicy-potato-239500
576,PRAWN COCONUT CURRY,https://food.ndtv.com/recipe-prawn-coconut-curry-239492
577,GUD KA HALWA,https://food.ndtv.com/recipe-gud-ka-halwa-239452
578,MUTTON KATHI ROLL,https://food.ndtv.com/recipe-mutton-kathi-roll-236180
579,PANEER TIKKA,https://food.ndtv.com/recipe-paneer-tikka-233365
580,SHAHI MUSHROOM,https://food.ndtv.com/recipe-shahi-mushroom-233314
581,NARIYAL LADOO (LADDU),https://food.ndtv.com/recipe-nariyal-ladoo-232914
582,NARIYAL BARFI,https://food.ndtv.com/recipe-nariyal-barfi-232912
583,SEWAI,https://food.ndtv.com/recipe-sewai-232870
584,ALMOND MALAI KULFI,https://food.ndtv.com/recipe-almond-malai-kulfi-232857
585,ALMOND AND PISTACHIO SHRIKHAND,https://food.ndtv.com/recipe-shrikhand-1-232816
586,MUTTON KATHI ROLL,https://food.ndtv.com/recipe-mutton-kathi-roll-231405
587,EGG CHAAT,https://food.ndtv.com/recipe-egg-chaat-231377
588,CHICKEN 65,https://food.ndtv.com/recipe-chicken-65-231329
589,CHOLE BHATURE,https://food.ndtv.com/recipe-chole-bhature-231327
590,EGG MASALA,https://food.ndtv.com/recipe-egg-masala-230889
591,GALOUTI KEBAB,https://food.ndtv.com/recipe-galouti-kebab-230061
592,DHANIWAL KORMA (LAMB KORMA),https://food.ndtv.com/recipe-dhaniwal-qorma-229999
593,GHUGNI,https://food.ndtv.com/recipe-ghugni-227986
594,MINI SOYA DOSA,https://food.ndtv.com/recipe-mini-soya-dosa-227607
595,PAV BHAJI,https://food.ndtv.com/recipe-pav-bhaji-227446
596,KERALA VEGETABLE STEW,https://food.ndtv.com/recipe-kerala-vegetable-stew-227434
597,ANGOOR RABDI,https://food.ndtv.com/recipe-angoor-rabri-219765
598,THANDAI ICE CREAM,https://food.ndtv.com/recipe-thandai-ice-cream-219750
599,KHUBANI KA MEETHA,https://food.ndtv.com/recipe-khubani-ka-meetha-219752
600,PUMPKIN AND APPLE HALWA,https://food.ndtv.com/recipe-pumpkin-and-apple-halwa-219748
601,SABUDANA KHEER,https://food.ndtv.com/recipe-sabudana-kheer-219726
602,DATES HALWA,https://food.ndtv.com/recipe-dates-halwa-khajoor-ka-halwa-219713
603,MAWA CAKE,https://food.ndtv.com/recipe-mawa-cake-219707
604,LAGAN NU CUSTARD,https://food.ndtv.com/recipe-lagan-nu-custard-219691
605,SAFFRON SCENTED APPLES,https://food.ndtv.com/recipe-saffron-scented-apples-219676
606,KAJU MYSORE PAAK,https://food.ndtv.com/recipe-kaju-mysore-paak-219666
607,KADHA PRASAD,https://food.ndtv.com/recipe-kadha-prasad-219667
608,PANJIRI,https://food.ndtv.com/recipe-panjiri-219656
609,BALUSHAHI,https://food.ndtv.com/recipe-balushahi-219651
610,BADAAM KHEER,https://food.ndtv.com/recipe-badaam-kheer-219639
611,CHENNA MURKI,https://food.ndtv.com/recipe-chenna-murki-219638
612,KARACHI HALWA,https://food.ndtv.com/recipe-karachi-halwa-219637
613,SONTH AUR METHI KA LADOO (LADDU),https://food.ndtv.com/recipe-sonth-aur-methi-ka-ladoo-laddu-219636
614,CHURMA,https://food.ndtv.com/recipe-churma-219631
615,IMARTI,https://food.ndtv.com/recipe-imarti-219625
616,KAJU ROLL,https://food.ndtv.com/recipe-kaju-roll-219614
617,SOOKHE KALE CHANNE,https://food.ndtv.com/recipe-sookhe-kale-channe-219570
618,GOAN EGG CURRY,https://food.ndtv.com/recipe-goan-egg-curry-219553
619,SHALGAM KI SABZI,https://food.ndtv.com/recipe-shalgam-ki-sabzi-219524
620,ALOO MATAR RASEDAAR,https://food.ndtv.com/recipe-aloo-matar-rasedaar-219523
621,TOFU PHALI,https://food.ndtv.com/recipe-tofu-phali-219487
622,PAANI POORI,https://food.ndtv.com/recipe-paani-poori-219439
623,METHI PARATHA,https://food.ndtv.com/recipe-methi-paratha-219421
624,KILANJI,https://food.ndtv.com/recipe-kilanji-219320
625,MASALA DOSA,https://food.ndtv.com/recipe-masala-dosa-219232
626,BAJRE KA THEPLA,https://food.ndtv.com/recipe-bajre-ka-thepla-219229
627,PANEER TIKKA KATHI ROLL,https://food.ndtv.com/recipe-paneer-tikka-kathi-roll-219223
628,MURGH LAHORI KADHAI,https://food.ndtv.com/recipe-murgh-lahori-kadhai-219092
629,VRATWALE KHATTE MEETHE ALOO,https://food.ndtv.com/recipe-vratwale-khatte-meethe-aloo-219024
630,GUJIYA,https://food.ndtv.com/recipe-gujiya-218891
631,PISTA-ALMOND BARFI,https://food.ndtv.com/recipe-pista-almond-barfi-218885
632,BESAN KE LADOO (LADDU),https://food.ndtv.com/recipe-besan-ke-ladoo-laddu-218805
633,PETHA,https://food.ndtv.com/recipe-petha-218806
634,SAMBAR MASALA,https://food.ndtv.com/recipe-sambar-masala-218687
635,BOONDI KE LADOO (LADDU),https://food.ndtv.com/recipe-boondi-ke-ladoo-laddu-218557
636,THENGA CHORU (COCONUT RICE),https://food.ndtv.com/recipe-thenga-choru-coconut-rice-218371
637,PEANUT CHIKKI,https://food.ndtv.com/recipe-peanut-chikki-218367
638,PAAL PAYASAM,https://food.ndtv.com/recipe-paal-payasam-218352
639,MAWA MISRI,https://food.ndtv.com/recipe-mawa-misri-218347
640,HYDERABADI MIRCHI KA SALAN,https://food.ndtv.com/recipe-hyderabadi-mirchi-ka-salan-218348
641,MISHTI DOI,https://food.ndtv.com/recipe-mishti-doi-218349
642,RASAM,https://food.ndtv.com/recipe-rasam-218325
643,BEBINCA,https://food.ndtv.com/recipe-bebinca-218328
644,ALOO JEERA,https://food.ndtv.com/recipe-aloo-jeera-218322
645,CHOLIA HALWA,https://food.ndtv.com/recipe-cholia-halwa-218281
646,SHREEKHAND,https://food.ndtv.com/recipe-shreekhand-218110
647,SARSON KA SAAG AUR MAKKI KI ROTI,https://food.ndtv.com/recipe-sarson-ka-saag-aur-makki-ki-roti-218092
648,RAVA LADOO (LADDU),https://food.ndtv.com/recipe-rava-ladoo-laddu-218070
649,RAJ KACHORI,https://food.ndtv.com/recipe-raj-kachori-218068
650,MODAK,https://food.ndtv.com/recipe-modak-217982
651,MILK CAKE,https://food.ndtv.com/recipe-milk-cake-217975
652,CHICKEN BIRYANI WITH COCONUT MILK,https://food.ndtv.com/recipe-chicken-biryani-with-coconut-milk-211697
653,MALWANI CHICKEN SUKKA,https://food.ndtv.com/recipe-malwani-chicken-sukka-186270
654,TRIO OF KULFIS,https://food.ndtv.com/recipe-trio-of-kulfis-185473
655,ZEERA ALOO PALAK WITH LASAN CHUTNEY,https://food.ndtv.com/recipe-zeera-aloo-palak-with-lasan-chutney-180243
656,MALAI KI KHEER,https://food.ndtv.com/recipe-malai-ki-kheer-180232
657,GAJAR HALWA SUNEHRI STYLE,https://food.ndtv.com/recipe-gajar-halwa-sunehri-style-178266
658,SPICY CHICKEN,https://food.ndtv.com/recipe-spicy-chicken-176536
659,"NARIYAL AND SOYA PANEER VADA, THAYIR SADAM AND TOMATO CHUTNEY",https://food.ndtv.com/recipe-nariyal-and-soya-paneer-vada-thayir-sadam-and-tomato-chutney-175807
660,GUILT FREE GALOUTI KEBAB,https://food.ndtv.com/recipe-guilt-free-galouti-kebab-165781
661,BREAD RASMALAI,https://food.ndtv.com/recipe-bread-rasmalai-154083
662,CABBAGE PORRIYAL,https://food.ndtv.com/recipe-cabbage-porriyal-154080
663,PISTA KULFI,https://food.ndtv.com/recipe-pista-kulfi-106811
664,NARKEL NARU,https://food.ndtv.com/recipe-narkel-naru-106804
665,PANEER MALPUA,https://food.ndtv.com/recipe-paneer-malpua-106799
666,SANDESH,https://food.ndtv.com/recipe-sandesh-106796
667,CHICKEN MASALA,https://food.ndtv.com/recipe-chicken-masala-106782
668,CALICUT CHICKEN BIRYANI,https://food.ndtv.com/recipe-calicut-chicken-biryani-106766
669,MIRCHI KA SALAN,https://food.ndtv.com/recipe-mirchi-ka-salan-106640
670,SUJI KA HALWA,https://food.ndtv.com/recipe-sooji-ka-halwa-100564
671,KALAKAND,https://food.ndtv.com/recipe-kalakand-100561
672,MICROWAVE GAJAR KA HALWA,https://food.ndtv.com/recipe-condensed-milk-gajar-ka-halwa-100552
673,NIHARI GOSHT,https://food.ndtv.com/recipe-nihari-gosht-100549
674,RICE KHEER,https://food.ndtv.com/recipe-kheer-100537
675,PINEAPPLE HALWA,https://food.ndtv.com/recipe-pineapple-halwa-100534
676,KHICHDO,https://food.ndtv.com/recipe-khichdo-100533
677,KIWAAMEE SEVAIN,https://food.ndtv.com/recipe-kiwaamee-sevain-100525
678,MUTTON KORMA,https://food.ndtv.com/recipe-mutton-korma-100521
679,DAHI KE KEBAB,https://food.ndtv.com/recipe-dahi-ke-kebab-100502
680,NAMAK PARE,https://food.ndtv.com/recipe-namak-pare-100495
681,LOW FAT MAKHANA KHEER,https://food.ndtv.com/recipe-low-fat-makhana-kheer-100492
682,KUTTU KA DOSA,https://food.ndtv.com/recipe-kuttu-ka-dosa-100490
683,KAJU KI BARFI,https://food.ndtv.com/recipe-kaju-ki-barfee-100483
684,GULAB JAMUN,https://food.ndtv.com/recipe-gulab-jamun-100479
685,MASALA BHINDI,https://food.ndtv.com/recipe-masala-bhindi-100468
686,BESAN KI BARFI,https://food.ndtv.com/recipe-besan-ki-barfi-100465
687,CHATPATA PANEER,https://food.ndtv.com/recipe-chatpata-paneer-100467
688,EGG BIRYANI,https://food.ndtv.com/recipe-egg-biryani-100462
689,MYSORE MASALA DOSA,https://food.ndtv.com/recipe-mysore-masala-dosa-100409
690,FISH BIRYANI,https://food.ndtv.com/recipe-fish-biryani-100404
691,MUTTON KOFTA,https://food.ndtv.com/recipe-mutton-kofta-100384
692,GULGULE,https://food.ndtv.com/recipe-gulgule-99176
693,ONION KULCHA,https://food.ndtv.com/recipe-onion-kulcha-99145
694,STUFFED FARSI PURI,https://food.ndtv.com/recipe-stuffed-farsi-puri-99108
695,ROOMALI ROTI,https://food.ndtv.com/recipe-roomali-roti-99102
696,MURGH DO PYAAZA,https://food.ndtv.com/recipe-murgh-do-pyaaza-99090
697,MOTI ROTI,https://food.ndtv.com/recipe-moti-roti-99075
698,VEGETABLE CHOPSUEY,https://food.ndtv.com/recipe-vegetable-chopsuey-99072
699,SPICY PAV BHAJI,https://food.ndtv.com/recipe-spicy-pav-bhaji-99058
700,KALE CHANNE KI CHAAT,https://food.ndtv.com/recipe-kale-channe-ki-chaat-99051
701,ATTA BISCUITS,https://food.ndtv.com/recipe-atta-biscuits-99028
702,TANDOORI CHICKEN STICKS,https://food.ndtv.com/recipe-tandoori-chicken-sticks-98990
703,KARELE AUR BAINGAN KI SABZI,https://food.ndtv.com/recipe-karele-aur-baingan-ki-sabzi-98980
704,KHILLI HUI KHICHDI,https://food.ndtv.com/recipe-khilli-hui-khichdi-98973
705,BATATA PATTICE,https://food.ndtv.com/recipe-batata-pattice-98958
706,FRANS BEAN NARIYAL WALI,https://food.ndtv.com/recipe-frans-bean-nariyal-wali-98961
707,SHAHI PANEER,https://food.ndtv.com/recipe-shahi-paneer-98946
708,MICROWAVE SAMBAR,https://food.ndtv.com/recipe-microwave-sambar-98928
709,ALOO KA PARATHA,https://food.ndtv.com/recipe-aloo-ka-paratha-98929
710,MICROWAVE MACHCHLI LAL MASALA,https://food.ndtv.com/recipe-microwave-machchli-lal-masala-98921
711,PANEER JALFREZI,https://food.ndtv.com/recipe-paneer-jalfrezi-98918
712,MICROWAVE CHICKEN BIRYANI,https://food.ndtv.com/recipe-microwave-chicken-biryani-98914
713,VEGETABLE JALFREZI,https://food.ndtv.com/recipe-vegetable-jalfrezi-98894
714,BARBECUE FISH TIKKA,https://food.ndtv.com/recipe-barbecue-fish-tikka-98881
715,KAKORI KEBAB,https://food.ndtv.com/recipe-kakori-kebab-98878
716,ROAST CHICKEN,https://food.ndtv.com/recipe-roast-chicken-98877
717,PURI,https://food.ndtv.com/recipe-puri-98873
718,LUCHI,https://food.ndtv.com/recipe-luchi-98868
719,MANGO LASSI,https://food.ndtv.com/recipe-mango-lassi-98869
720,KUTTU KA PARATHA,https://food.ndtv.com/recipe-kuttu-ka-paratha-98863
721,KULCHA,https://food.ndtv.com/recipe-kulcha-98865
722,KHAMIRI ROTI,https://food.ndtv.com/recipe-khamiri-roti-98866
723,LACHCHA PARATHA,https://food.ndtv.com/recipe-lachcha-paratha-98859
724,BAJRE KI ROTI/BHAKRI,https://food.ndtv.com/recipe-bajre-ki-roti-bhakri-98860
725,NAGORI PURI,https://food.ndtv.com/recipe-nagori-puri-98861
726,BAQARKHANI ROTI,https://food.ndtv.com/recipe-baqarkhani-roti-98862
727,PAAV,https://food.ndtv.com/recipe-paav-98857
728,GOBHI KA PARATHA,https://food.ndtv.com/recipe-gobhi-ka-paratha-98858
729,SHEERMAL,https://food.ndtv.com/recipe-sheermal-98852
730,MALABARI PAROTTA,https://food.ndtv.com/recipe-malabari-parotta-98853
731,CHAPATI,https://food.ndtv.com/recipe-chapati-98855
732,PARAT-WALA PARATHA,https://food.ndtv.com/recipe-parat-wala-paratha-98848
733,DABELI,https://food.ndtv.com/recipe-dabeli-98849
734,MASALA PURI,https://food.ndtv.com/recipe-masala-puri-98850
735,CHOORIE KA PARATHA,https://food.ndtv.com/recipe-choorie-ka-paratha-98851
736,MATAR KA PARATHA,https://food.ndtv.com/recipe-matar-ka-paratha-98845
737,BABRU,https://food.ndtv.com/recipe-babru-98846
738,METHI KA THEPLA,https://food.ndtv.com/recipe-methi-ka-thepla-98847
739,NAAN,https://food.ndtv.com/recipe-naan-98842
740,SAADA PARATHA,https://food.ndtv.com/recipe-saada-paratha-98843
741,MUGHLAI PARATHA,https://food.ndtv.com/recipe-mughlai-paratha-98844
742,VARKI PARATHA,https://food.ndtv.com/recipe-varki-paratha-98839
743,BIRAIEE ROTI,https://food.ndtv.com/recipe-biraiee-roti-98840
744,MAKKI KA PARATHA ALOOWALA,https://food.ndtv.com/recipe-makki-ka-paratha-aloowala-98833
745,MIXED VEGETABLE PARATHA,https://food.ndtv.com/recipe-mixed-vegetable-paratha-98832
746,SHRIKHAND,https://food.ndtv.com/recipe-shrikhand-98801
747,DAL KA PARATHA,https://food.ndtv.com/recipe-dal-ka-paratha-98755
748,SOYA THANDAI,https://food.ndtv.com/recipe-soya-thandai-98751
749,TOFU KOFTA,https://food.ndtv.com/recipe-tofu-kofta-98746
750,KOLHAPURI CHICKEN,https://food.ndtv.com/recipe-kolhapuri-chicken-98737
751,KADHAI MURGH,https://food.ndtv.com/recipe-kadhai-murgh-98727
752,GUR KI ROTI,https://food.ndtv.com/recipe-gur-ki-roti-98728
753,STRAWBERRY MILKSHAKE,https://food.ndtv.com/recipe-strawberry-milkshake-98721
754,MUSHROOM POTATO ROLLS,https://food.ndtv.com/recipe-mushroom-potato-rolls-98722
755,LEHSUNI MURG,https://food.ndtv.com/recipe-lehsuni-murg-98724
756,CHICKEN SATAY WITH PEANUT SAUCE,https://food.ndtv.com/recipe-chicken-satay-with-peanut-sauce-98712
757,KHASTA ROTI,https://food.ndtv.com/recipe-khasta-roti-98704
758,KEEMA SAMOSA WITH YOGURT DIP,https://food.ndtv.com/recipe-keema-samosa-with-yogurt-dip-98694
